﻿<?xml version="1.0" encoding="utf-8"?>
<extension type="plugin" group="system" method="upgrade" version="5.0">
  <name>plg_system_chatmadi</name>
  <creationDate>2025-11-09</creationDate>
  <author>ChatMadi</author>
  <authorEmail>support@chatmadi.com</authorEmail>
  <authorUrl>https://chatmadi.com</authorUrl>
  <version>1.0.0</version>
  <description>PLG_SYSTEM_CHATMADI_DESC</description>
  <files>
    <filename plugin="chatmadi">chatmadi.php</filename>
    <folder>language</folder>
  </files>
  <languages>
    <language tag="en-GB">language/en-GB/en-GB.plg_system_chatmadi.ini</language>
  </languages>
  <config>
    <fields name="params">
      <fieldset name="basic" label="JGLOBAL_FIELDSET_BASIC">
        <field name="widget_id" type="text" label="PLG_SYSTEM_CHATMADI_WIDGET_ID" description="PLG_SYSTEM_CHATMADI_WIDGET_ID_DESC" required="true" />
        <field name="prechat" type="radio" label="PLG_SYSTEM_CHATMADI_PRECHAT" description="PLG_SYSTEM_CHATMADI_PRECHAT_DESC" default="0">
          <option value="1">JYES</option>
          <option value="0">JNO</option>
        </field>
        <field name="waNumber" type="text" label="PLG_SYSTEM_CHATMADI_WANUMBER" description="PLG_SYSTEM_CHATMADI_WANUMBER_DESC" />
      </fieldset>
    </fields>
  </config>
</extension>
